advertising_spend,sales
0.27,0.14
0.14,0.095
1.00,0.21
0.000065,1.00
0.25,0.000065